{"cameraMode":{"drawMode":0,"name":"Shaded","section":"Shading Mode"},"sceneLighting":true,"audioPlay":false,"sceneViewState":{"showFog":true,"showMaterialUpdate":false,"showSkybox":true,"showFlares":true,"showImageEffects":true,"showParticleSystems":true},"in2DMode":false,"pivot":{"x":-1.4333852529525757,"y":1.8064591884613038,"z":2.268231153488159},"rotation":{"x":0.22357477247714997,"y":0.3447762131690979,"z":-0.08492079377174378,"w":0.907707154750824},"size":2.706066608428955,"orthographic":true}